{
  "_metadata": {
    "description": "Coordonnées GPS des stades - 5 grands championnats + Championship",
    "source": "Manual compilation",
    "last_updated": "2024-12-10",
    "format": "team_name: {stadium, city, lat, lon}"
  },
  
  "Premier League": {
    "Arsenal": {"stadium": "Emirates Stadium", "city": "London", "lat": 51.5549, "lon": -0.1084},
    "Aston Villa": {"stadium": "Villa Park", "city": "Birmingham", "lat": 52.5092, "lon": -1.8847},
    "Bournemouth": {"stadium": "Vitality Stadium", "city": "Bournemouth", "lat": 50.7352, "lon": -1.8384},
    "Brentford": {"stadium": "Gtech Community Stadium", "city": "London", "lat": 51.4907, "lon": -0.2886},
    "Brighton": {"stadium": "Amex Stadium", "city": "Brighton", "lat": 50.8619, "lon": -0.0837},
    "Chelsea": {"stadium": "Stamford Bridge", "city": "London", "lat": 51.4817, "lon": -0.1910},
    "Crystal Palace": {"stadium": "Selhurst Park", "city": "London", "lat": 51.3983, "lon": -0.0855},
    "Everton": {"stadium": "Goodison Park", "city": "Liverpool", "lat": 53.4388, "lon": -2.9664},
    "Fulham": {"stadium": "Craven Cottage", "city": "London", "lat": 51.4750, "lon": -0.2217},
    "Ipswich": {"stadium": "Portman Road", "city": "Ipswich", "lat": 52.0545, "lon": 1.1447},
    "Ipswich Town": {"stadium": "Portman Road", "city": "Ipswich", "lat": 52.0545, "lon": 1.1447},
    "Leicester": {"stadium": "King Power Stadium", "city": "Leicester", "lat": 52.6204, "lon": -1.1422},
    "Leicester City": {"stadium": "King Power Stadium", "city": "Leicester", "lat": 52.6204, "lon": -1.1422},
    "Liverpool": {"stadium": "Anfield", "city": "Liverpool", "lat": 53.4308, "lon": -2.9608},
    "Manchester City": {"stadium": "Etihad Stadium", "city": "Manchester", "lat": 53.4831, "lon": -2.2004},
    "Manchester United": {"stadium": "Old Trafford", "city": "Manchester", "lat": 53.4631, "lon": -2.2913},
    "Newcastle": {"stadium": "St James' Park", "city": "Newcastle", "lat": 54.9756, "lon": -1.6217},
    "Newcastle United": {"stadium": "St James' Park", "city": "Newcastle", "lat": 54.9756, "lon": -1.6217},
    "Nottingham Forest": {"stadium": "City Ground", "city": "Nottingham", "lat": 52.9400, "lon": -1.1328},
    "Southampton": {"stadium": "St Mary's Stadium", "city": "Southampton", "lat": 50.9058, "lon": -1.3908},
    "Tottenham": {"stadium": "Tottenham Hotspur Stadium", "city": "London", "lat": 51.6043, "lon": -0.0664},
    "Tottenham Hotspur": {"stadium": "Tottenham Hotspur Stadium", "city": "London", "lat": 51.6043, "lon": -0.0664},
    "West Ham": {"stadium": "London Stadium", "city": "London", "lat": 51.5387, "lon": -0.0166},
    "West Ham United": {"stadium": "London Stadium", "city": "London", "lat": 51.5387, "lon": -0.0166},
    "Wolverhampton Wanderers": {"stadium": "Molineux Stadium", "city": "Wolverhampton", "lat": 52.5903, "lon": -2.1306},
    "Wolves": {"stadium": "Molineux Stadium", "city": "Wolverhampton", "lat": 52.5903, "lon": -2.1306}
  },
  
  "La Liga": {
    "Alaves": {"stadium": "Mendizorrotza", "city": "Vitoria-Gasteiz", "lat": 42.8372, "lon": -2.6878},
    "Athletic Club": {"stadium": "San Mamés", "city": "Bilbao", "lat": 43.2641, "lon": -2.9494},
    "Athletic Bilbao": {"stadium": "San Mamés", "city": "Bilbao", "lat": 43.2641, "lon": -2.9494},
    "Atletico Madrid": {"stadium": "Metropolitano", "city": "Madrid", "lat": 40.4361, "lon": -3.5994},
    "Barcelona": {"stadium": "Estadi Olímpic Lluís Companys", "city": "Barcelona", "lat": 41.3649, "lon": 2.1556},
    "Celta Vigo": {"stadium": "Abanca-Balaídos", "city": "Vigo", "lat": 42.2117, "lon": -8.7394},
    "Espanyol": {"stadium": "RCDE Stadium", "city": "Barcelona", "lat": 41.3479, "lon": 2.0756},
    "Getafe": {"stadium": "Coliseum Alfonso Pérez", "city": "Getafe", "lat": 40.3256, "lon": -3.7147},
    "Girona": {"stadium": "Montilivi", "city": "Girona", "lat": 41.9608, "lon": 2.8289},
    "Las Palmas": {"stadium": "Gran Canaria", "city": "Las Palmas", "lat": 28.1003, "lon": -15.4567},
    "Leganes": {"stadium": "Butarque", "city": "Leganés", "lat": 40.3375, "lon": -3.7603},
    "Mallorca": {"stadium": "Son Moix", "city": "Palma", "lat": 39.5903, "lon": 2.6303},
    "Osasuna": {"stadium": "El Sadar", "city": "Pamplona", "lat": 42.7967, "lon": -1.6369},
    "Rayo Vallecano": {"stadium": "Vallecas", "city": "Madrid", "lat": 40.3919, "lon": -3.6589},
    "Real Betis": {"stadium": "Benito Villamarín", "city": "Sevilla", "lat": 37.3564, "lon": -5.9817},
    "Real Madrid": {"stadium": "Santiago Bernabéu", "city": "Madrid", "lat": 40.4531, "lon": -3.6883},
    "Real Sociedad": {"stadium": "Reale Arena", "city": "San Sebastián", "lat": 43.3014, "lon": -1.9736},
    "Sevilla": {"stadium": "Ramón Sánchez-Pizjuán", "city": "Sevilla", "lat": 37.3839, "lon": -5.9706},
    "Valencia": {"stadium": "Mestalla", "city": "Valencia", "lat": 39.4745, "lon": -0.3583},
    "Valladolid": {"stadium": "José Zorrilla", "city": "Valladolid", "lat": 41.6444, "lon": -4.7614},
    "Villarreal": {"stadium": "Estadio de la Cerámica", "city": "Villarreal", "lat": 39.9442, "lon": -0.1036}
  },
  
  "Serie A": {
    "Atalanta": {"stadium": "Gewiss Stadium", "city": "Bergamo", "lat": 45.7089, "lon": 9.6808},
    "Bologna": {"stadium": "Renato Dall'Ara", "city": "Bologna", "lat": 44.4922, "lon": 11.3097},
    "Cagliari": {"stadium": "Unipol Domus", "city": "Cagliari", "lat": 39.1997, "lon": 9.1372},
    "Como": {"stadium": "Stadio Giuseppe Sinigaglia", "city": "Como", "lat": 45.8144, "lon": 9.0781},
    "Empoli": {"stadium": "Carlo Castellani", "city": "Empoli", "lat": 43.7261, "lon": 10.9550},
    "Fiorentina": {"stadium": "Artemio Franchi", "city": "Florence", "lat": 43.7808, "lon": 11.2822},
    "Genoa": {"stadium": "Luigi Ferraris", "city": "Genoa", "lat": 44.4164, "lon": 8.9525},
    "Hellas Verona": {"stadium": "Bentegodi", "city": "Verona", "lat": 45.4353, "lon": 10.9686},
    "Inter": {"stadium": "San Siro", "city": "Milan", "lat": 45.4781, "lon": 9.1240},
    "Juventus": {"stadium": "Allianz Stadium", "city": "Turin", "lat": 45.1096, "lon": 7.6411},
    "Lazio": {"stadium": "Stadio Olimpico", "city": "Rome", "lat": 41.9340, "lon": 12.4547},
    "Lecce": {"stadium": "Via del Mare", "city": "Lecce", "lat": 40.3664, "lon": 18.1942},
    "AC Milan": {"stadium": "San Siro", "city": "Milan", "lat": 45.4781, "lon": 9.1240},
    "Milan": {"stadium": "San Siro", "city": "Milan", "lat": 45.4781, "lon": 9.1240},
    "Monza": {"stadium": "U-Power Stadium", "city": "Monza", "lat": 45.5847, "lon": 9.3047},
    "Napoli": {"stadium": "Diego Armando Maradona", "city": "Naples", "lat": 40.8280, "lon": 14.1931},
    "Parma": {"stadium": "Ennio Tardini", "city": "Parma", "lat": 44.7956, "lon": 10.3381},
    "Parma Calcio 1913": {"stadium": "Ennio Tardini", "city": "Parma", "lat": 44.7956, "lon": 10.3381},
    "Roma": {"stadium": "Stadio Olimpico", "city": "Rome", "lat": 41.9340, "lon": 12.4547},
    "Sassuolo": {"stadium": "Mapei Stadium", "city": "Reggio Emilia", "lat": 44.7142, "lon": 10.6489},
    "Torino": {"stadium": "Olimpico Grande Torino", "city": "Turin", "lat": 45.0419, "lon": 7.6500},
    "Udinese": {"stadium": "Bluenergy Stadium", "city": "Udine", "lat": 46.0819, "lon": 13.2000},
    "Venezia": {"stadium": "Pier Luigi Penzo", "city": "Venice", "lat": 45.4289, "lon": 12.3658}
  },
  
  "Bundesliga": {
    "Augsburg": {"stadium": "WWK Arena", "city": "Augsburg", "lat": 48.3236, "lon": 10.8856},
    "FC Augsburg": {"stadium": "WWK Arena", "city": "Augsburg", "lat": 48.3236, "lon": 10.8856},
    "Bayer Leverkusen": {"stadium": "BayArena", "city": "Leverkusen", "lat": 51.0383, "lon": 7.0022},
    "Bayern Munich": {"stadium": "Allianz Arena", "city": "Munich", "lat": 48.2188, "lon": 11.6247},
    "Bochum": {"stadium": "Vonovia Ruhrstadion", "city": "Bochum", "lat": 51.4900, "lon": 7.2364},
    "Borussia Dortmund": {"stadium": "Signal Iduna Park", "city": "Dortmund", "lat": 51.4926, "lon": 7.4518},
    "Borussia M.Gladbach": {"stadium": "Borussia-Park", "city": "Mönchengladbach", "lat": 51.1747, "lon": 6.3856},
    "Eintracht Frankfurt": {"stadium": "Deutsche Bank Park", "city": "Frankfurt", "lat": 50.0686, "lon": 8.6456},
    "FC Heidenheim": {"stadium": "Voith-Arena", "city": "Heidenheim", "lat": 48.6714, "lon": 10.1419},
    "Freiburg": {"stadium": "Europa-Park Stadion", "city": "Freiburg", "lat": 48.0219, "lon": 7.8297},
    "Hoffenheim": {"stadium": "PreZero Arena", "city": "Sinsheim", "lat": 49.2383, "lon": 8.8881},
    "Holstein Kiel": {"stadium": "Holstein-Stadion", "city": "Kiel", "lat": 54.3492, "lon": 10.1225},
    "Mainz": {"stadium": "Mewa Arena", "city": "Mainz", "lat": 49.9844, "lon": 8.2244},
    "Mainz 05": {"stadium": "Mewa Arena", "city": "Mainz", "lat": 49.9844, "lon": 8.2244},
    "RasenBallsport Leipzig": {"stadium": "Red Bull Arena", "city": "Leipzig", "lat": 51.3458, "lon": 12.3486},
    "RB Leipzig": {"stadium": "Red Bull Arena", "city": "Leipzig", "lat": 51.3458, "lon": 12.3486},
    "St. Pauli": {"stadium": "Millerntor-Stadion", "city": "Hamburg", "lat": 53.5544, "lon": 9.9675},
    "Stuttgart": {"stadium": "MHPArena", "city": "Stuttgart", "lat": 48.7922, "lon": 9.2319},
    "VfB Stuttgart": {"stadium": "MHPArena", "city": "Stuttgart", "lat": 48.7922, "lon": 9.2319},
    "Union Berlin": {"stadium": "Stadion An der Alten Försterei", "city": "Berlin", "lat": 52.4572, "lon": 13.5681},
    "Werder Bremen": {"stadium": "Weserstadion", "city": "Bremen", "lat": 53.0664, "lon": 8.8378},
    "Wolfsburg": {"stadium": "Volkswagen Arena", "city": "Wolfsburg", "lat": 52.4319, "lon": 10.8036},
    "VfL Wolfsburg": {"stadium": "Volkswagen Arena", "city": "Wolfsburg", "lat": 52.4319, "lon": 10.8036}
  },
  
  "Ligue 1": {
    "Angers": {"stadium": "Stade Raymond Kopa", "city": "Angers", "lat": 47.4603, "lon": -0.5306},
    "Auxerre": {"stadium": "Stade de l'Abbé-Deschamps", "city": "Auxerre", "lat": 47.7917, "lon": 3.5869},
    "Brest": {"stadium": "Stade Francis-Le Blé", "city": "Brest", "lat": 48.4028, "lon": -4.4617},
    "Le Havre": {"stadium": "Stade Océane", "city": "Le Havre", "lat": 49.4986, "lon": 0.1656},
    "Lens": {"stadium": "Stade Bollaert-Delelis", "city": "Lens", "lat": 50.4328, "lon": 2.8147},
    "Lille": {"stadium": "Stade Pierre-Mauroy", "city": "Lille", "lat": 50.6119, "lon": 3.1303},
    "Lyon": {"stadium": "Groupama Stadium", "city": "Lyon", "lat": 45.7653, "lon": 4.9822},
    "Marseille": {"stadium": "Stade Vélodrome", "city": "Marseille", "lat": 43.2697, "lon": 5.3958},
    "Monaco": {"stadium": "Stade Louis II", "city": "Monaco", "lat": 43.7275, "lon": 7.4156},
    "Montpellier": {"stadium": "Stade de la Mosson", "city": "Montpellier", "lat": 43.6222, "lon": 3.8119},
    "Nantes": {"stadium": "Stade de la Beaujoire", "city": "Nantes", "lat": 47.2558, "lon": -1.5244},
    "Nice": {"stadium": "Allianz Riviera", "city": "Nice", "lat": 43.7050, "lon": 7.1925},
    "Paris Saint Germain": {"stadium": "Parc des Princes", "city": "Paris", "lat": 48.8414, "lon": 2.2530},
    "PSG": {"stadium": "Parc des Princes", "city": "Paris", "lat": 48.8414, "lon": 2.2530},
    "Reims": {"stadium": "Stade Auguste-Delaune", "city": "Reims", "lat": 49.2467, "lon": 4.0250},
    "Rennes": {"stadium": "Roazhon Park", "city": "Rennes", "lat": 48.1075, "lon": -1.7128},
    "Saint-Etienne": {"stadium": "Stade Geoffroy-Guichard", "city": "Saint-Étienne", "lat": 45.4608, "lon": 4.3903},
    "Strasbourg": {"stadium": "Stade de la Meinau", "city": "Strasbourg", "lat": 48.5600, "lon": 7.7550},
    "Toulouse": {"stadium": "Stadium de Toulouse", "city": "Toulouse", "lat": 43.5833, "lon": 1.4342}
  },
  
  "Championship": {
    "Blackburn": {"stadium": "Ewood Park", "city": "Blackburn", "lat": 53.7286, "lon": -2.4892},
    "Bristol City": {"stadium": "Ashton Gate", "city": "Bristol", "lat": 51.4400, "lon": -2.6203},
    "Burnley": {"stadium": "Turf Moor", "city": "Burnley", "lat": 53.7889, "lon": -2.2303},
    "Cardiff": {"stadium": "Cardiff City Stadium", "city": "Cardiff", "lat": 51.4728, "lon": -3.2031},
    "Coventry": {"stadium": "Coventry Building Society Arena", "city": "Coventry", "lat": 52.4481, "lon": -1.4956},
    "Derby": {"stadium": "Pride Park", "city": "Derby", "lat": 52.9147, "lon": -1.4472},
    "Hull": {"stadium": "MKM Stadium", "city": "Hull", "lat": 53.7461, "lon": -0.3678},
    "Leeds": {"stadium": "Elland Road", "city": "Leeds", "lat": 53.7778, "lon": -1.5722},
    "Luton": {"stadium": "Kenilworth Road", "city": "Luton", "lat": 51.8842, "lon": -0.4317},
    "Middlesbrough": {"stadium": "Riverside Stadium", "city": "Middlesbrough", "lat": 54.5783, "lon": -1.2172},
    "Millwall": {"stadium": "The Den", "city": "London", "lat": 51.4858, "lon": -0.0508},
    "Norwich": {"stadium": "Carrow Road", "city": "Norwich", "lat": 52.6222, "lon": 1.3089},
    "Oxford": {"stadium": "Kassam Stadium", "city": "Oxford", "lat": 51.7164, "lon": -1.2081},
    "Plymouth": {"stadium": "Home Park", "city": "Plymouth", "lat": 50.3883, "lon": -4.1506},
    "Portsmouth": {"stadium": "Fratton Park", "city": "Portsmouth", "lat": 50.7964, "lon": -1.0636},
    "Preston": {"stadium": "Deepdale", "city": "Preston", "lat": 53.7722, "lon": -2.6883},
    "QPR": {"stadium": "Loftus Road", "city": "London", "lat": 51.5092, "lon": -0.2322},
    "Sheffield United": {"stadium": "Bramall Lane", "city": "Sheffield", "lat": 53.3703, "lon": -1.4708},
    "Sheffield Wednesday": {"stadium": "Hillsborough", "city": "Sheffield", "lat": 53.4114, "lon": -1.5006},
    "Stoke": {"stadium": "bet365 Stadium", "city": "Stoke-on-Trent", "lat": 52.9883, "lon": -2.1753},
    "Sunderland": {"stadium": "Stadium of Light", "city": "Sunderland", "lat": 54.9147, "lon": -1.3883},
    "Swansea": {"stadium": "Swansea.com Stadium", "city": "Swansea", "lat": 51.6428, "lon": -3.9350},
    "Watford": {"stadium": "Vicarage Road", "city": "Watford", "lat": 51.6500, "lon": -0.4017},
    "West Brom": {"stadium": "The Hawthorns", "city": "West Bromwich", "lat": 52.5092, "lon": -1.9639}
  },
  
  "Ligue 2": {
    "Amiens": {"stadium": "Stade de la Licorne", "city": "Amiens", "lat": 49.8939, "lon": 2.2653},
    "Bastia": {"stadium": "Stade Armand-Cesari", "city": "Furiani", "lat": 42.6714, "lon": 9.4289},
    "Caen": {"stadium": "Stade Michel d'Ornano", "city": "Caen", "lat": 49.1797, "lon": -0.4028},
    "Clermont": {"stadium": "Stade Gabriel Montpied", "city": "Clermont-Ferrand", "lat": 45.8158, "lon": 3.1242},
    "Dunkerque": {"stadium": "Stade Marcel-Tribut", "city": "Dunkirk", "lat": 51.0336, "lon": 2.3497},
    "FC Metz": {"stadium": "Stade Saint-Symphorien", "city": "Metz", "lat": 49.1094, "lon": 6.1592},
    "Grenoble": {"stadium": "Stade des Alpes", "city": "Grenoble", "lat": 45.1875, "lon": 5.7408},
    "Guingamp": {"stadium": "Stade du Roudourou", "city": "Guingamp", "lat": 48.5608, "lon": -3.1406},
    "Laval": {"stadium": "Stade Francis Le Basser", "city": "Laval", "lat": 48.0608, "lon": -0.7694},
    "Lorient": {"stadium": "Stade du Moustoir", "city": "Lorient", "lat": 47.7475, "lon": -3.3631},
    "Martigues": {"stadium": "Stade Francis Turcan", "city": "Martigues", "lat": 43.4039, "lon": 5.0536},
    "Paris FC": {"stadium": "Stade Charléty", "city": "Paris", "lat": 48.8183, "lon": 2.3475},
    "Pau FC": {"stadium": "Nouste Camp", "city": "Pau", "lat": 43.3011, "lon": -0.3314},
    "Red Star": {"stadium": "Stade Bauer", "city": "Saint-Ouen", "lat": 48.9119, "lon": 2.3311},
    "Rodez": {"stadium": "Stade Paul Lignon", "city": "Rodez", "lat": 44.3544, "lon": 2.5783},
    "Troyes": {"stadium": "Stade de l'Aube", "city": "Troyes", "lat": 48.2928, "lon": 4.0669}
  },
  
  "2. Bundesliga": {
    "Darmstadt": {"stadium": "Merck-Stadion am Böllenfalltor", "city": "Darmstadt", "lat": 49.8569, "lon": 8.6753},
    "Fortuna Dusseldorf": {"stadium": "Merkur Spiel-Arena", "city": "Düsseldorf", "lat": 51.2614, "lon": 6.7328},
    "Greuther Furth": {"stadium": "Sportpark Ronhof", "city": "Fürth", "lat": 49.4719, "lon": 10.9886},
    "Hamburger SV": {"stadium": "Volksparkstadion", "city": "Hamburg", "lat": 53.5872, "lon": 9.8986},
    "Hannover 96": {"stadium": "Heinz von Heiden Arena", "city": "Hanover", "lat": 52.3600, "lon": 9.7317},
    "Hertha Berlin": {"stadium": "Olympiastadion", "city": "Berlin", "lat": 52.5147, "lon": 13.2394},
    "Kaiserslautern": {"stadium": "Fritz-Walter-Stadion", "city": "Kaiserslautern", "lat": 49.4347, "lon": 7.7772},
    "Karlsruher SC": {"stadium": "BBBank Wildpark", "city": "Karlsruhe", "lat": 49.0200, "lon": 8.4122},
    "FC Cologne": {"stadium": "RheinEnergieStadion", "city": "Cologne", "lat": 50.9336, "lon": 6.8750},
    "Magdeburg": {"stadium": "MDCC-Arena", "city": "Magdeburg", "lat": 52.1303, "lon": 11.6392},
    "Nurnberg": {"stadium": "Max-Morlock-Stadion", "city": "Nuremberg", "lat": 49.4261, "lon": 11.1250},
    "Paderborn": {"stadium": "Home Deluxe Arena", "city": "Paderborn", "lat": 51.7311, "lon": 8.7253},
    "Preussen Munster": {"stadium": "Preußenstadion", "city": "Münster", "lat": 51.9306, "lon": 7.6194},
    "Schalke 04": {"stadium": "Veltins-Arena", "city": "Gelsenkirchen", "lat": 51.5547, "lon": 7.0678},
    "SSV Ulm": {"stadium": "Donaustadion", "city": "Ulm", "lat": 48.3997, "lon": 9.9856}
  }
}
