{
  "version": "1.0",
  "created": "2025-12-12",
  "description": "Mapping des noms d'équipes vers nom canonique",
  "canonical_to_aliases": {
    "Manchester United": [
      "Manchester Utd",
      "Manchester United",
      "Man United",
      "Man Utd"
    ],
    "Newcastle United": [
      "Newcastle Utd",
      "Newcastle United",
      "Newcastle"
    ],
    "Nottingham Forest": [
      "Nott'ham Forest",
      "Nottingham Forest",
      "Notts Forest"
    ],
    "Wolverhampton": [
      "Wolves",
      "Wolverhampton Wanderers",
      "Wolverhampton"
    ],
    "Leeds United": [
      "Leeds United",
      "Leeds"
    ],
    "Tottenham": [
      "Tottenham",
      "Tottenham Hotspur",
      "Spurs"
    ],
    "West Ham": [
      "West Ham",
      "West Ham United"
    ],
    "Brighton": [
      "Brighton",
      "Brighton and Hove Albion"
    ],
    "Atletico Madrid": [
      "Atlético Madrid",
      "Atletico Madrid",
      "Atleti"
    ],
    "Real Betis": [
      "Betis",
      "Real Betis"
    ],
    "Alaves": [
      "Alavés",
      "Alaves",
      "Deportivo Alaves"
    ],
    "Real Oviedo": [
      "Oviedo",
      "Real Oviedo"
    ],
    "Athletic Club": [
      "Athletic Club",
      "Athletic Bilbao",
      "Bilbao"
    ],
    "Celta Vigo": [
      "Celta Vigo",
      "Celta"
    ],
    "Eintracht Frankfurt": [
      "Eint Frankfurt",
      "Eintracht Frankfurt",
      "Frankfurt"
    ],
    "RB Leipzig": [
      "RB Leipzig",
      "RasenBallsport Leipzig",
      "Leipzig"
    ],
    "Borussia Dortmund": [
      "Dortmund",
      "Borussia Dortmund",
      "BVB"
    ],
    "Borussia Monchengladbach": [
      "Gladbach",
      "Borussia M.Gladbach",
      "Borussia Monchengladbach",
      "M'gladbach"
    ],
    "Bayer Leverkusen": [
      "Leverkusen",
      "Bayer Leverkusen",
      "Bayer 04"
    ],
    "VfB Stuttgart": [
      "Stuttgart",
      "VfB Stuttgart"
    ],
    "FC Cologne": [
      "Köln",
      "FC Cologne",
      "Cologne",
      "FC Koln"
    ],
    "Heidenheim": [
      "Heidenheim",
      "FC Heidenheim",
      "1. FC Heidenheim"
    ],
    "Union Berlin": [
      "Union Berlin",
      "FC Union Berlin"
    ],
    "Werder Bremen": [
      "Werder Bremen",
      "Bremen"
    ],
    "Wolfsburg": [
      "Wolfsburg",
      "VfL Wolfsburg"
    ],
    "Mainz 05": [
      "Mainz",
      "Mainz 05",
      "1. FSV Mainz 05"
    ],
    "Augsburg": [
      "Augsburg",
      "FC Augsburg"
    ],
    "Hoffenheim": [
      "Hoffenheim",
      "TSG Hoffenheim"
    ],
    "Freiburg": [
      "Freiburg",
      "SC Freiburg"
    ],
    "Bochum": [
      "Bochum",
      "VfL Bochum"
    ],
    "St. Pauli": [
      "St. Pauli",
      "FC St. Pauli"
    ],
    "Holstein Kiel": [
      "Holstein Kiel",
      "Kiel"
    ],
    "AC Milan": [
      "Milan",
      "AC Milan"
    ],
    "Inter Milan": [
      "Inter",
      "Inter Milan",
      "Internazionale"
    ],
    "Hellas Verona": [
      "Hellas Verona",
      "Verona"
    ],
    "Parma": [
      "Parma",
      "Parma Calcio 1913"
    ],
    "AS Roma": [
      "Roma",
      "AS Roma"
    ],
    "Lazio": [
      "Lazio",
      "SS Lazio"
    ],
    "Napoli": [
      "Napoli",
      "SSC Napoli"
    ],
    "Juventus": [
      "Juventus",
      "Juve"
    ],
    "Fiorentina": [
      "Fiorentina",
      "ACF Fiorentina"
    ],
    "Atalanta": [
      "Atalanta",
      "Atalanta BC"
    ],
    "Bologna": [
      "Bologna",
      "Bologna FC"
    ],
    "Torino": [
      "Torino",
      "Torino FC"
    ],
    "Udinese": [
      "Udinese",
      "Udinese Calcio"
    ],
    "Cagliari": [
      "Cagliari",
      "Cagliari Calcio"
    ],
    "Empoli": [
      "Empoli",
      "Empoli FC"
    ],
    "Genoa": [
      "Genoa",
      "Genoa CFC"
    ],
    "Lecce": [
      "Lecce",
      "US Lecce"
    ],
    "Monza": [
      "Monza",
      "AC Monza"
    ],
    "Venezia": [
      "Venezia",
      "Venezia FC"
    ],
    "Como": [
      "Como",
      "Como 1907"
    ],
    "Paris Saint-Germain": [
      "Paris S-G",
      "Paris Saint Germain",
      "Paris Saint-Germain",
      "PSG"
    ],
    "Marseille": [
      "Marseille",
      "Olympique Marseille",
      "OM"
    ],
    "Lyon": [
      "Lyon",
      "Olympique Lyon",
      "OL"
    ],
    "Monaco": [
      "Monaco",
      "AS Monaco"
    ],
    "Lille": [
      "Lille",
      "LOSC Lille",
      "LOSC"
    ],
    "Nice": [
      "Nice",
      "OGC Nice"
    ],
    "Lens": [
      "Lens",
      "RC Lens"
    ],
    "Rennes": [
      "Rennes",
      "Stade Rennais"
    ],
    "Strasbourg": [
      "Strasbourg",
      "RC Strasbourg"
    ],
    "Nantes": [
      "Nantes",
      "FC Nantes"
    ],
    "Reims": [
      "Reims",
      "Stade de Reims"
    ],
    "Montpellier": [
      "Montpellier",
      "Montpellier HSC"
    ],
    "Toulouse": [
      "Toulouse",
      "Toulouse FC"
    ],
    "Brest": [
      "Brest",
      "Stade Brestois"
    ],
    "Le Havre": [
      "Le Havre",
      "Le Havre AC"
    ],
    "Auxerre": [
      "Auxerre",
      "AJ Auxerre"
    ],
    "Angers": [
      "Angers",
      "Angers SCO"
    ],
    "Saint-Etienne": [
      "Saint-Etienne",
      "AS Saint-Etienne",
      "St Etienne"
    ]
  },
  "alias_to_canonical": {
    "Manchester Utd": "Manchester United",
    "Manchester United": "Manchester United",
    "Man United": "Manchester United",
    "Man Utd": "Manchester United",
    "Newcastle Utd": "Newcastle United",
    "Newcastle United": "Newcastle United",
    "Newcastle": "Newcastle United",
    "Nott'ham Forest": "Nottingham Forest",
    "Nottingham Forest": "Nottingham Forest",
    "Notts Forest": "Nottingham Forest",
    "Wolves": "Wolverhampton",
    "Wolverhampton Wanderers": "Wolverhampton",
    "Wolverhampton": "Wolverhampton",
    "Leeds United": "Leeds United",
    "Leeds": "Leeds United",
    "Tottenham": "Tottenham",
    "Tottenham Hotspur": "Tottenham",
    "Spurs": "Tottenham",
    "West Ham": "West Ham",
    "West Ham United": "West Ham",
    "Brighton": "Brighton",
    "Brighton and Hove Albion": "Brighton",
    "Atlético Madrid": "Atletico Madrid",
    "Atletico Madrid": "Atletico Madrid",
    "Atleti": "Atletico Madrid",
    "Betis": "Real Betis",
    "Real Betis": "Real Betis",
    "Alavés": "Alaves",
    "Alaves": "Alaves",
    "Deportivo Alaves": "Alaves",
    "Oviedo": "Real Oviedo",
    "Real Oviedo": "Real Oviedo",
    "Athletic Club": "Athletic Club",
    "Athletic Bilbao": "Athletic Club",
    "Bilbao": "Athletic Club",
    "Celta Vigo": "Celta Vigo",
    "Celta": "Celta Vigo",
    "Eint Frankfurt": "Eintracht Frankfurt",
    "Eintracht Frankfurt": "Eintracht Frankfurt",
    "Frankfurt": "Eintracht Frankfurt",
    "RB Leipzig": "RB Leipzig",
    "RasenBallsport Leipzig": "RB Leipzig",
    "Leipzig": "RB Leipzig",
    "Dortmund": "Borussia Dortmund",
    "Borussia Dortmund": "Borussia Dortmund",
    "BVB": "Borussia Dortmund",
    "Gladbach": "Borussia Monchengladbach",
    "Borussia M.Gladbach": "Borussia Monchengladbach",
    "Borussia Monchengladbach": "Borussia Monchengladbach",
    "M'gladbach": "Borussia Monchengladbach",
    "Leverkusen": "Bayer Leverkusen",
    "Bayer Leverkusen": "Bayer Leverkusen",
    "Bayer 04": "Bayer Leverkusen",
    "Stuttgart": "VfB Stuttgart",
    "VfB Stuttgart": "VfB Stuttgart",
    "Köln": "FC Cologne",
    "FC Cologne": "FC Cologne",
    "Cologne": "FC Cologne",
    "FC Koln": "FC Cologne",
    "Heidenheim": "Heidenheim",
    "FC Heidenheim": "Heidenheim",
    "1. FC Heidenheim": "Heidenheim",
    "Union Berlin": "Union Berlin",
    "FC Union Berlin": "Union Berlin",
    "Werder Bremen": "Werder Bremen",
    "Bremen": "Werder Bremen",
    "Wolfsburg": "Wolfsburg",
    "VfL Wolfsburg": "Wolfsburg",
    "Mainz": "Mainz 05",
    "Mainz 05": "Mainz 05",
    "1. FSV Mainz 05": "Mainz 05",
    "Augsburg": "Augsburg",
    "FC Augsburg": "Augsburg",
    "Hoffenheim": "Hoffenheim",
    "TSG Hoffenheim": "Hoffenheim",
    "Freiburg": "Freiburg",
    "SC Freiburg": "Freiburg",
    "Bochum": "Bochum",
    "VfL Bochum": "Bochum",
    "St. Pauli": "St. Pauli",
    "FC St. Pauli": "St. Pauli",
    "Holstein Kiel": "Holstein Kiel",
    "Kiel": "Holstein Kiel",
    "Milan": "AC Milan",
    "AC Milan": "AC Milan",
    "Inter": "Inter Milan",
    "Inter Milan": "Inter Milan",
    "Internazionale": "Inter Milan",
    "Hellas Verona": "Hellas Verona",
    "Verona": "Hellas Verona",
    "Parma": "Parma",
    "Parma Calcio 1913": "Parma",
    "Roma": "AS Roma",
    "AS Roma": "AS Roma",
    "Lazio": "Lazio",
    "SS Lazio": "Lazio",
    "Napoli": "Napoli",
    "SSC Napoli": "Napoli",
    "Juventus": "Juventus",
    "Juve": "Juventus",
    "Fiorentina": "Fiorentina",
    "ACF Fiorentina": "Fiorentina",
    "Atalanta": "Atalanta",
    "Atalanta BC": "Atalanta",
    "Bologna": "Bologna",
    "Bologna FC": "Bologna",
    "Torino": "Torino",
    "Torino FC": "Torino",
    "Udinese": "Udinese",
    "Udinese Calcio": "Udinese",
    "Cagliari": "Cagliari",
    "Cagliari Calcio": "Cagliari",
    "Empoli": "Empoli",
    "Empoli FC": "Empoli",
    "Genoa": "Genoa",
    "Genoa CFC": "Genoa",
    "Lecce": "Lecce",
    "US Lecce": "Lecce",
    "Monza": "Monza",
    "AC Monza": "Monza",
    "Venezia": "Venezia",
    "Venezia FC": "Venezia",
    "Como": "Como",
    "Como 1907": "Como",
    "Paris S-G": "Paris Saint-Germain",
    "Paris Saint Germain": "Paris Saint-Germain",
    "Paris Saint-Germain": "Paris Saint-Germain",
    "PSG": "Paris Saint-Germain",
    "Marseille": "Marseille",
    "Olympique Marseille": "Marseille",
    "OM": "Marseille",
    "Lyon": "Lyon",
    "Olympique Lyon": "Lyon",
    "OL": "Lyon",
    "Monaco": "Monaco",
    "AS Monaco": "Monaco",
    "Lille": "Lille",
    "LOSC Lille": "Lille",
    "LOSC": "Lille",
    "Nice": "Nice",
    "OGC Nice": "Nice",
    "Lens": "Lens",
    "RC Lens": "Lens",
    "Rennes": "Rennes",
    "Stade Rennais": "Rennes",
    "Strasbourg": "Strasbourg",
    "RC Strasbourg": "Strasbourg",
    "Nantes": "Nantes",
    "FC Nantes": "Nantes",
    "Reims": "Reims",
    "Stade de Reims": "Reims",
    "Montpellier": "Montpellier",
    "Montpellier HSC": "Montpellier",
    "Toulouse": "Toulouse",
    "Toulouse FC": "Toulouse",
    "Brest": "Brest",
    "Stade Brestois": "Brest",
    "Le Havre": "Le Havre",
    "Le Havre AC": "Le Havre",
    "Auxerre": "Auxerre",
    "AJ Auxerre": "Auxerre",
    "Angers": "Angers",
    "Angers SCO": "Angers",
    "Saint-Etienne": "Saint-Etienne",
    "AS Saint-Etienne": "Saint-Etienne",
    "St Etienne": "Saint-Etienne"
  }
}